Title,Price,Area,Location,type
X613. Cho thuê kho/xưởng tại KCN Thuỷ Nguyên 3800m2 có PCCC tự động,124 nghìn/m²,3.800 m²,"Thủy Nguyên, Hải Phòng",cho-thue-kho-nha-xuong-dat
"Xưởng 1600m2 giá: 70 triệu. Pccc vách tường, điện 250kva đường cont, Sx nhiều ngành nghề",70 triệu/tháng,1.600 m²,"Thuận An, Bình Dương",cho-thue-kho-nha-xuong-dat
Cho thuê nhà xưởng cho công ty sản xuất mặt bằng rộng 2000m2,60 triệu/tháng,2.000 m²,"Gò Công Tây, Tiền Giang",cho-thue-kho-nha-xuong-dat
"Cho thuê 6800m2 đất trống ngay vòng xoay Trung Sơn, xây dựng tiền chế thoải mái",Giá thỏa thuận,6.800 m²,"Bình Chánh, Hồ Chí Minh",cho-thue-kho-nha-xuong-dat
Cho thuê kho xưởng trung tâm TP BMT gần mọi tiện ích,50 triệu/tháng,1.000 m²,"Buôn Ma Thuột, Đắk Lắk",cho-thue-kho-nha-xuong-dat
"Cho thuê nhà xưởng, đường Quốc Lộ 13, phường Hiệp Bình Phước Thủ Đức. Lh: 0977 220 ***",60 triệu/tháng,900 m²,"Thủ Đức, Hồ Chí Minh",cho-thue-kho-nha-xuong-dat
"Cho thuê đất 50 năm, chuyển nhượng và cho thuê nhà xưởng trong KCN tại Thái Nguyên, giá tốt",Giá thỏa thuận,1.000 m²,"Sông Công, Thái Nguyên",cho-thue-kho-nha-xuong-dat
"Cho thuê đất làm kho xưởng, mặt bằng kinh doanh, văn phòng",9 triệu/tháng,800 m²,"Tân Phú, Hồ Chí Minh",cho-thue-kho-nha-xuong-dat
"Cho thuê đất làm kho xưởng, mặt bằng kinh doanh, văn phòng",9 triệu/tháng,800 m²,"Tân Phú, Hồ Chí Minh",cho-thue-kho-nha-xuong-dat
"Đất cổ DT 20x30m đường Bà Huyện Thanh Quan, Quận 3 gồm 1 trệt 1 lầu có sân vườn rộng giá 160tr",160 triệu/tháng,600 m²,"Quận 3, Hồ Chí Minh",cho-thue-kho-nha-xuong-dat
"Cho thuê kho tại Hồ Chí Minh có bảo vệ 24/24h, xếp dỡ... LH: 0917 632 ***",95 nghìn/m²,150 m²,"Tân Phú, Hồ Chí Minh",cho-thue-kho-nha-xuong-dat
"Cho thuê kho chứa hàng KCN Vĩnh Lộc A, Bình Tân, TP.HCM ( cho thuê theo nhu cầu) gọi 0917 632 ***",Giá thỏa thuận,200 m²,"Bình Tân, Hồ Chí Minh",cho-thue-kho-nha-xuong-dat
"Chính chủ cho thuê xưởng mới đối diện cổng KCN Xuyên Á, Mỹ Hạnh, Đức Hòa, Long An",15 triệu/tháng,300 m²,"Đức Hòa, Long An",cho-thue-kho-nha-xuong-dat
Cho thuê kho diện tích nhỏ chứa hàng linh hoạt thời gian full các dịch vụ,5 triệu/tháng,25 m²,"Quận 2, Hồ Chí Minh",cho-thue-kho-nha-xuong-dat
"Cho thuê kho mặt tiền Khúc Thừa Dụ, phường Phước Long, TP Nha Trang. Diện tích 612 m2 (ngang 20,7m)",68 triệu/tháng,612 m²,"Nha Trang, Khánh Hòa",cho-thue-kho-nha-xuong-dat
"Kho mặt tiền đường Trần Thị Liền - Phước Kiển, Nhà Bè, Làng Đại Học B",16 triệu/tháng,200 m²,"Nhà Bè, Hồ Chí Minh",cho-thue-kho-nha-xuong-dat
"Cho thuê nguyên kho xưởng mặt tiền QL 91 + sông Hậu quận Thốt Nốt, Cần Thơ",Giá thỏa thuận,14.140 m²,"Thốt Nốt, Cần Thơ",cho-thue-kho-nha-xuong-dat
Cho thuê kho xưởng ở Cần Thơ mặt tiếp giáp lộ lớn QL91 mặt tiếp giáp sông phù hợp đa ngành,30 nghìn/m²,14.139 m²,"Thốt Nốt, Cần Thơ",cho-thue-kho-nha-xuong-dat
"Cho thuê kho 1,5 ha ở QL1A Thủ Đức liền kề Sóng Thần cont hoạt động 24/24",Giá thỏa thuận,20.000 m²,"Thủ Đức, Hồ Chí Minh",cho-thue-kho-nha-xuong-dat
Cho thuê kho duy nhất Tp. Thủ Đức có PCCC liền kề Cát Lái 10 phút di chuyển. LH 0909 748 *** Ms Dung,Giá thỏa thuận,6.150 m²,"Thủ Đức, Hồ Chí Minh",cho-thue-kho-nha-xuong-dat
"Cho thuê kho gần 300m2 đường Nguyễn Văn Quỳ, Q7",23 triệu/tháng,280 m²,"Quận 7, Hồ Chí Minh",cho-thue-kho-nha-xuong-dat
"Cho thuê kho hơn 200m2 đường Gò Ô Môi, Phú Thuận, Quận 7",20 triệu/tháng,200 m²,"Quận 7, Hồ Chí Minh",cho-thue-kho-nha-xuong-dat
"Cho thuê kho gần QL27C và Tỉnh lộ 8 (HL39), xã Diên Hoà. Container vào tận nơi. Giá 15tr/tháng",15 triệu/tháng,410 m²,"Diên Khánh, Khánh Hòa",cho-thue-kho-nha-xuong-dat
"Cho thuê kho đường Dương Thừa Vũ (đường Số 29), KĐT Phước Long A, Nha Trang. Kho 600 m2 có máy lạnh",35 triệu/tháng,600 m²,"Nha Trang, Khánh Hòa",cho-thue-kho-nha-xuong-dat
"Kho mặt tiền đường Trần Thị Liền - Phước Kiển, Nhà Bè, Làng đại học B",16 triệu/tháng,200 m²,"Nhà Bè, Hồ Chí Minh",cho-thue-kho-nha-xuong-dat
"Cho thuê kho xưởng đa dạng diện tích trong KCN Nhơn Trạch, DT 2.000 - 20.000m2, giá tốt",75 nghìn/m²,2.000 m²,"Nhơn Trạch, Đồng Nai",cho-thue-kho-nha-xuong-dat
"Cho thuê kho xưởng DT: 580m2, giá 24tr/tháng tại ngã tư Ga quận 12",24 triệu/tháng,580 m²,"Quận 12, Hồ Chí Minh",cho-thue-kho-nha-xuong-dat
"Cho thuê kho xưởng 1268m2 giá 42tr/tháng tại đường Lê Văn Khương, Phường Hiệp Thành, Quận 12",42 triệu/tháng,1.268 m²,"Quận 12, Hồ Chí Minh",cho-thue-kho-nha-xuong-dat
Cho thuê mặt bằng trục đường du lịch Thùy Vân (tổng DT: 1200m2),300 triệu/tháng,1.200 m²,"Vũng Tàu, Bà Rịa Vũng Tàu",cho-thue-kho-nha-xuong-dat
"Kho cho thuê 700m2. Xây full giá thuê: 28 tr. Quốc Lộ 1a công 20 feet Bình Hưng Hòa B, Bình Tân",28 triệu/tháng,700 m²,"Bình Tân, Hồ Chí Minh",cho-thue-kho-nha-xuong-dat
"Cho thuê đất trống, diện tích 1000m2, TT TP Vũng Tàu 0823 456 ***",Giá thỏa thuận,1.000 m²,"Vũng Tàu, Bà Rịa Vũng Tàu",cho-thue-kho-nha-xuong-dat
Cho thuê đất 1000m2 TP Vũng Tàu liên hệ 0823 456 ***,"15,56 triệu/tháng",1.000 m²,"Vũng Tàu, Bà Rịa Vũng Tàu",cho-thue-kho-nha-xuong-dat
"Cho thuê đất trống P11, TP Vũng Tàu 0823 456 ***",12 triệu/tháng,400 m²,"Vũng Tàu, Bà Rịa Vũng Tàu",cho-thue-kho-nha-xuong-dat
"Cho thuê kho, xưởng đường 30 Tháng 4 liên hệ 0823 456 ***",10 triệu/tháng,105 m²,"Vũng Tàu, Bà Rịa Vũng Tàu",cho-thue-kho-nha-xuong-dat
"Cho thuê kho chứa hàng tại KCN Tân Bình, kho diện tích nhỏ giá rẻ full dịch vụ",3 triệu/tháng,15 m²,"Tân Phú, Hồ Chí Minh",cho-thue-kho-nha-xuong-dat
"Cho thuê xưởng tại An Dương, Hải Phòng từ 4000 - 22.000m2 PCCC nghiệm thu, Kho nhà xưởng mới tinh",90 nghìn/m²,4.000 m²,"An Dương, Hải Phòng",cho-thue-kho-nha-xuong-dat
"Cho thuê kho có PCCC, 700m2, giá 60 triệu/th, đường xe tải, kho mới",60 triệu/tháng,700 m²,"Nhà Bè, Hồ Chí Minh",cho-thue-kho-nha-xuong-dat
"Cho thuê kho diện tích nhỏ, vị trí thuận tiện, đầy đủ dịch vụ hỗ trợ",4 triệu/tháng,20 m²,"Bình Tân, Hồ Chí Minh",cho-thue-kho-nha-xuong-dat
"Cho thuê xưởng sản xuất tại An Lão, Hải Phòng. Diện tích từ hơn 2000 đến hơn 3000m2 gần TT An Lão",60 nghìn/m²,3.375 m²,"An Lão, Hải Phòng",cho-thue-kho-nha-xuong-dat
"Cho thuê nhà xưởng: 1600 m2 bãi hơn 3000m2 tại Thuỷ Nguyên, Hải Phòng - gần đường 10",55 nghìn/m²,1.600 m²,"Thủy Nguyên, Hải Phòng",cho-thue-kho-nha-xuong-dat
"Cho thuê xưởng sản xuất 4000m2 + sân rộng mặt đường gần cảng tại Hải An, Hải Phòng",50 nghìn/m²,4.000 m²,"Hải An, Hải Phòng",cho-thue-kho-nha-xuong-dat
"Kho cho thuê chứa hàng phân phối sỉ/lẻ, hàng TMĐT, linh kiện, gia dụng",4 triệu/tháng,20 m²,"Tân Bình, Hồ Chí Minh",cho-thue-kho-nha-xuong-dat
"Cho thuê kho 120m2, giá 10 triệu/th ở Đào Sư Tích",10 triệu/tháng,120 m²,"Nhà Bè, Hồ Chí Minh",cho-thue-kho-nha-xuong-dat
"Kho mặt tiền kinh doanh được, Trần Thị Liền 200m2, Phước Kiển",16 triệu/tháng,200 m²,"Nhà Bè, Hồ Chí Minh",cho-thue-kho-nha-xuong-dat
Kho 10tr (160m2) 10*16m điện 3 pha tải 5 tấn,10 triệu/tháng,160 m²,"Bình Tân, Hồ Chí Minh",cho-thue-kho-nha-xuong-dat
"Cho thuê 500m2 đất mặt tiền 1413 Huỳnh Tấn Phát, Quận 7",70 triệu/tháng,500 m²,"Quận 7, Hồ Chí Minh",cho-thue-kho-nha-xuong-dat
Cho thuê 300m2 kho ngay trung tâm Quận 7,100 nghìn/m²,300 m²,"Quận 7, Hồ Chí Minh",cho-thue-kho-nha-xuong-dat
"Cho thuê kho 400m2 đường Đào Sư Tích, xã Phước Kiển, H. Nhà Bè",28 triệu/tháng,400 m²,"Nhà Bè, Hồ Chí Minh",cho-thue-kho-nha-xuong-dat
"Cho thuê xưởng 700m2 đường Hà Huy Giáp, Q12, giá 27 tr/tháng LH: 0903 322 ***",27 triệu/tháng,700 m²,"Quận 12, Hồ Chí Minh",cho-thue-kho-nha-xuong-dat
Kho xưởng mặt tiền gần bệnh viện Bình Tân 220m2 giá 22 triệu,22 triệu/tháng,220 m²,"Bình Tân, Hồ Chí Minh",cho-thue-kho-nha-xuong-dat
"Cho thuê cặp đất 2MT đường Nguyễn Phước Lan, vị trí kinh doanh rất thuận lợi",15 triệu/tháng,200 m²,"Cẩm Lệ, Đà Nẵng",cho-thue-kho-nha-xuong-dat
"Cho thuê xưởng đường Đào Trí, 1200m2, có PCCC",167 nghìn/m²,1.200 m²,"Quận 7, Hồ Chí Minh",cho-thue-kho-nha-xuong-dat
"Cho thuê kho xưởng Quận 7, 300m2, giá 110 nghìn/m2/tháng",110 nghìn/m²,300 m²,"Quận 7, Hồ Chí Minh",cho-thue-kho-nha-xuong-dat
"Cho thuê gấp 1.000m2 kho tại KCN Hải Sơn, mặt tiền Tỉnh lộ 10, giá tốt, PCCC đầy đủ LH 0856 713 ***",75 nghìn/m²,1.000 m²,"Cần Giuộc, Long An",cho-thue-kho-nha-xuong-dat
Cho thuê đất đường 10m5 Mẹ Thứ giá rẻ,5 triệu/tháng,275 m²,"Cẩm Lệ, Đà Nẵng",cho-thue-kho-nha-xuong-dat
"Kho siêu rẻ DT 6m*20m, 120m2, chỉ 17 triệu, đường rộng 12m Đặng Thùy Trâm, xe tải ra vào vô tư",17 triệu/tháng,120 m²,"Bình Thạnh, Hồ Chí Minh",cho-thue-kho-nha-xuong-dat
"Chính chủ cho thuê xưởng MT Nguyễn Duy Trinh, Trường Thạnh DT: 12 x 24m. Công nhận 300m2. Giá: 18tr",18 triệu/tháng,300 m²,"Quận 9, Hồ Chí Minh",cho-thue-kho-nha-xuong-dat
"Kho mới đẹp DT 10m*20m (200m2) đường Đặng Thùy Trâm rộng 12m có vỉa hè, xe tải ra vào vô tư",20 triệu/tháng,200 m²,"Bình Thạnh, Hồ Chí Minh",cho-thue-kho-nha-xuong-dat
"Cho thuê kho 250 m2, cực đẹp & kiên cố, MT đường Đặng Thùy Trâm rộng 12m, Bình Thạnh",25 triệu/tháng,250 m²,"Bình Thạnh, Hồ Chí Minh",cho-thue-kho-nha-xuong-dat
"Cho thuê nhà C4, 4m x 20m có gác, phù hợp ở GĐ, làm VP, kho hàng",10 triệu/tháng,80 m²,"Bình Thạnh, Hồ Chí Minh",cho-thue-kho-nha-xuong-dat
"Kho siêu rẻ DT 5m*20m, chỉ 14 triệu, đường rộng 12m Đặng Thùy Trâm, xe tải ra vào vô tư",14 triệu/tháng,100 m²,"Bình Thạnh, Hồ Chí Minh",cho-thue-kho-nha-xuong-dat
"Cho thuê kho - xưởng. DT từ: 500m2, 1000m2, 1500m2, 2000m2,... Đến 25.000m2 tại KCN Bá Thiện 1 2",Giá thỏa thuận,1.000 m²,"Bình Xuyên, Vĩnh Phúc",cho-thue-kho-nha-xuong-dat
Cho thuê đất đường Võ An Ninh đường 10m5 số nhà 275,5 triệu/tháng,100 m²,"Cẩm Lệ, Đà Nẵng",cho-thue-kho-nha-xuong-dat
Cho thuê kho - xưởng sản xuất. 350m2. MT Đỗ Xuân Hợp. Giá chỉ 25tr/th. Kho mới,25 triệu/tháng,350 m²,"Quận 9, Hồ Chí Minh",cho-thue-kho-nha-xuong-dat
"Cho thuê Kho - Xưởng mặt tiền Nguyễn Duy Trinh, Phú Hữu, Q9, ngay gần vòng xoay Phú Hữu, 1400m2",25 triệu/tháng,1.400 m²,"Quận 9, Hồ Chí Minh",cho-thue-kho-nha-xuong-dat
"Cho thuê gấp mặt bằng giữa các KCN Bắc Giang, 1300m2, đường container, giá 50k, LH: 0988 866 ***",50 nghìn/m²,1.300 m²,"Việt Yên, Bắc Giang",cho-thue-kho-nha-xuong-dat
"Cho thuê kho xưởng khu vực TP long Khánh, Đồng Nai",20 triệu/tháng,1.000 m²,"Long Khánh, Đồng Nai",cho-thue-kho-nha-xuong-dat
Cho thuê 10.000m2 đất có nhà và kho mặt Quốc Lộ 1 giáp danh Long Khánh LH 0937 147 ***,70 triệu/tháng,10.000 m²,"Xuân Lộc, Đồng Nai",cho-thue-kho-nha-xuong-dat
Cho thuê kho 750m2 mặt tiền đường nhựa trung tâm TP Long Khánh Đồng Nai LH 0937 147 ***,50 triệu/tháng,750 m²,"Long Khánh, Đồng Nai",cho-thue-kho-nha-xuong-dat
Cho thuê kho nhà xưởng DT 4500m2 giá 60000 vnđ/m2 LH 0937 147 ***,60 nghìn/m²,4.500 m²,"Long Khánh, Đồng Nai",cho-thue-kho-nha-xuong-dat
Cho thuê kho - xưởng sản xuất mặt tiền Võ Chí Công - DT 350m2 giá 25tr. 600m2 giá 42tr,25 triệu/tháng,350 m²,"Quận 9, Hồ Chí Minh",cho-thue-kho-nha-xuong-dat
Cho thuê kho tiêu chuẩn logistics tại KCN Tân Phú Trung - Củ Chi - Tp.HCM,Giá thỏa thuận,12.000 m²,"Củ Chi, Hồ Chí Minh",cho-thue-kho-nha-xuong-dat
"Cho thuê kho - xưởng MT đường Nguyễn Duy Trinh, Phú Hữu. DT: 350m2. Giá 25tr/th. Xe công vào 24/24",25 triệu/tháng,350 m²,"Quận 9, Hồ Chí Minh",cho-thue-kho-nha-xuong-dat
Cho thuê nhà xưởng sản xuất trong KCN Tân Kim Mở Rộng đang thu hút đầu tư với giá ưu đãi,70 nghìn/m²,960 m²,"Cần Giuộc, Long An",cho-thue-kho-nha-xuong-dat
"Cho thuê kho đi kèm quản lý hàng hóa, vận chuyển, bốc xếp mặt tiền Quốc Lộ 50 cách Cát Lái 15 Km",63 nghìn/m²,500 m²,"Cần Giuộc, Long An",cho-thue-kho-nha-xuong-dat
"Cho thuê nhà xưởng 1000 m2 nằm trong KCN Tân Kim mở rộng mặt tiền Quốc Lộ 50, giá thuê ưu đãi",70 nghìn/m²,1.000 m²,"Bình Chánh, Hồ Chí Minh",cho-thue-kho-nha-xuong-dat
"Kho siêu rẻ DT 6m*20m, 120m2, chỉ 17 triệu, đường rộng 12m Đặng Thùy Trâm, xe tải ra vào vô tư",17 triệu/tháng,120 m²,"Bình Thạnh, Hồ Chí Minh",cho-thue-kho-nha-xuong-dat
"Kho mới đẹp DT 10m*20m (200m2) đường Đặng Thùy Trâm rộng 12m có vỉa hè, xe tải ra vào vô tư",20 triệu/tháng,200 m²,"Bình Thạnh, Hồ Chí Minh",cho-thue-kho-nha-xuong-dat
Cho thuê kho rộng kinh doanh đường Nguyễn Quang Diêu,13 triệu/tháng,200 m²,"Cẩm Lệ, Đà Nẵng",cho-thue-kho-nha-xuong-dat
"Cho thuê kho xưởng 2.500m2 đường Võ Văn Bích, giá thuê 45 tr/tháng, thuê lâu dài LH: 0903 322 ***",45 triệu/tháng,2.500 m²,"Củ Chi, Hồ Chí Minh",cho-thue-kho-nha-xuong-dat
Cho thuê đất 3 mặt tiền đường Võ Chí Công - Hòa Xuân,120 triệu/tháng,1.200 m²,"Cẩm Lệ, Đà Nẵng",cho-thue-kho-nha-xuong-dat
Cho thuê đất mặt biển - trực diện biển,50 triệu/tháng,300 m²,"Sơn Trà, Đà Nẵng",cho-thue-kho-nha-xuong-dat
Cho thuê đất đường Ngô Thì Sĩ - phố Tây An Thượng,15 triệu/tháng,102 m²,"Ngũ Hành Sơn, Đà Nẵng",cho-thue-kho-nha-xuong-dat
Cho thuê đất đường Nguyễn Văn Thoại,84 triệu/tháng,561 m²,"Sơn Trà, Đà Nẵng",cho-thue-kho-nha-xuong-dat
Cho thuê đất 2 mặt tiền đường Đỗ Bá,Giá thỏa thuận,350 m²,"Ngũ Hành Sơn, Đà Nẵng",cho-thue-kho-nha-xuong-dat
Cho thuê đất biển 2 mặt tiền đường Hồ Thấu và Lê Bôi,110 triệu/tháng,1.340 m²,"Sơn Trà, Đà Nẵng",cho-thue-kho-nha-xuong-dat
Cho thuê đất 2 mặt tiền đường Lê Quang Đạo,21 triệu/tháng,122 m²,"Ngũ Hành Sơn, Đà Nẵng",cho-thue-kho-nha-xuong-dat
Cho thuê đất 2 mặt tiền sông - đường Chương Dương,50 triệu/tháng,660 m²,"Ngũ Hành Sơn, Đà Nẵng",cho-thue-kho-nha-xuong-dat
Cho thuê đất 2 mặt tiền - quận Hải Châu,30 triệu/tháng,300 m²,"Hải Châu, Đà Nẵng",cho-thue-kho-nha-xuong-dat
"Cho thuê kho 1680m2 làm cầu lông, chứa hàng, SX nhẹ - Đỗ Xuân Hợp - Quận 9. (PCCC nghiệm thu)",105 nghìn/m²,1.680 m²,"Quận 9, Hồ Chí Minh",cho-thue-kho-nha-xuong-dat
Cho thuê kho + văn phòng 1000m2 Tam Phú - Thủ Đức. (kho 600m2 PCCC nghiệm thu),110 nghìn/m²,1.000 m²,"Thủ Đức, Hồ Chí Minh",cho-thue-kho-nha-xuong-dat
"Cho thuê kho xưởng đường Nguyễn Văn Thành, Bến Cát 670m2 có điện 3 pha giá chỉ 30 tr/tháng",30 triệu/tháng,670 m²,"Bến Cát, Bình Dương",cho-thue-kho-nha-xuong-dat
Kho 5000m2 Trung Tâm Thủ Đức - giá 65k/m2,65 nghìn/m²,5.000 m²,"Thủ Đức, Hồ Chí Minh",cho-thue-kho-nha-xuong-dat
Chuyên cho thuê kho xưởng TP Thủ Đức,30 triệu/tháng,500 m²,"Thủ Đức, Hồ Chí Minh",cho-thue-kho-nha-xuong-dat
Cho thuê 8500m2 đất mặt tiền Liên Phường - Phú Hữu - HĐ 7 năm tái ký,16 nghìn/m²,8.500 m²,"Quận 9, Hồ Chí Minh",cho-thue-kho-nha-xuong-dat
"Cho thuê kho - xưởng. DT từ: 500m2, 1000m2, 1500m2, 2000m2,... Đến 20.000m2 tại Tam Dương",Giá thỏa thuận,500 m²,"Tam Dương, Vĩnh Phúc",cho-thue-kho-nha-xuong-dat
Chuyên cho thuê kho xưởng Tp Thủ Đức - TP HCM,80 nghìn/m²,1.000 m²,"Thủ Đức, Hồ Chí Minh",cho-thue-kho-nha-xuong-dat
"Cho thuê kho - xưởng sản xuất. 350m2. MT Nguyễn Duy Trinh, P Phú Hữu, gần vòng xoay. Giá: 25tr/th",25 triệu/tháng,350 m²,"Quận 9, Hồ Chí Minh",cho-thue-kho-nha-xuong-dat
"Cho thuê kho xưởng 500m2, 600m2, 1000m2, 2200m2, Tăng Nhơn Phú - Phước Long B - Quận 9.",75 nghìn/m²,1.000 m²,"Quận 9, Hồ Chí Minh",cho-thue-kho-nha-xuong-dat
Cho thuê kho xưởng 500 - 1200 - 2800m2 trong cụm cn Linh Trung - Thủ Đức,110 nghìn/m²,2.800 m²,"Thủ Đức, Hồ Chí Minh",cho-thue-kho-nha-xuong-dat
Cho thuê xưởng Khu Công Nghệ Cao - Quận 9. DT: 288m2 + 1224m2 + 1284m2,130 nghìn/m²,1.284 m²,"Quận 9, Hồ Chí Minh",cho-thue-kho-nha-xuong-dat
Cho thuê 8000m2 đất view sông mặt tiền Phạm Hữu Lầu - Quận 7,40 nghìn/m²,8.000 m²,"Quận 7, Hồ Chí Minh",cho-thue-kho-nha-xuong-dat
"Cho thuê kho 1000 - 6000m2 MT QL1A, Thủ Đức, HCM",125 nghìn/m²,6.000 m²,"Thủ Đức, Hồ Chí Minh",cho-thue-kho-nha-xuong-dat
"Cho thuê kho 1.000m2 có PCCC tự động gần cảng Q9, Tp. Thủ Đức.",110 nghìn/m²,1.000 m²,"Quận 9, Hồ Chí Minh",cho-thue-kho-nha-xuong-dat
Kho 7700m2 Thạnh Xuân - Quận 12 (PCCC tự động),120 nghìn/m²,7.700 m²,"Quận 12, Hồ Chí Minh",cho-thue-kho-nha-xuong-dat
Xưởng 1.000 - 15.000m2 KCN Sóng Thần 1,80 nghìn/m²,15.000 m²,"Dĩ An, Bình Dương",cho-thue-kho-nha-xuong-dat
Xưởng 14.870m2 KCN Cát Lái - Quận 2,750 triệu/tháng,14.870 m²,"Quận 2, Hồ Chí Minh",cho-thue-kho-nha-xuong-dat
Kho 250 - 1000m2 - Trung Tâm Quận 9,100 nghìn/m²,1.000 m²,"Quận 9, Hồ Chí Minh",cho-thue-kho-nha-xuong-dat
Xưởng 800 - 1000m2 Trường Thạnh - Q9,50 nghìn/m²,1.000 m²,"Quận 9, Hồ Chí Minh",cho-thue-kho-nha-xuong-dat
Chuyên cho thuê kho xưởng Quận 2,100 nghìn/m²,2.000 m²,"Quận 2, Hồ Chí Minh",cho-thue-kho-nha-xuong-dat
Cho thuê xưởng 2000 - 50.000m2 Điểu Xiển - Biên Hoà,80 nghìn/m²,50.000 m²,"Biên Hòa, Đồng Nai",cho-thue-kho-nha-xuong-dat
Kho 288 -1224 - 1285m2 Khu Công Nghệ Cao - Quận 9,125 nghìn/m²,1.285 m²,"Quận 9, Hồ Chí Minh",cho-thue-kho-nha-xuong-dat
Xưởng 2500m2 Long Bình - Quận 9,60 nghìn/m²,2.500 m²,"Quận 9, Hồ Chí Minh",cho-thue-kho-nha-xuong-dat
Xưởng 400 - 500 - 750m2 Xa Lộ Hà Nội (Ngã 4 Thủ Đức),120 nghìn/m²,500 m²,"Quận 9, Hồ Chí Minh",cho-thue-kho-nha-xuong-dat
Cho thuê 5 hecta đất An Phú - Quận 2,38 nghìn/m²,50.000 m²,"Quận 2, Hồ Chí Minh",cho-thue-kho-nha-xuong-dat
Kho 1000 - 10.000 KCN Cát Lái 2 - Quận 2,125 nghìn/m²,2.864 m²,"Quận 2, Hồ Chí Minh",cho-thue-kho-nha-xuong-dat
Kho 5000m2 trung tâm Thủ Đức (PCCC nghiệm thu),75 nghìn/m²,5.000 m²,"Thủ Đức, Hồ Chí Minh",cho-thue-kho-nha-xuong-dat
"Kho 1000m2 Tân Thuận Đông, Quận 7",70 triệu/tháng,1.000 m²,"Quận 7, Hồ Chí Minh",cho-thue-kho-nha-xuong-dat
Cho thuê kho Quốc Lộ 1A - TP Thủ Đức,125 nghìn/m²,24.000 m²,"Thủ Đức, Hồ Chí Minh",cho-thue-kho-nha-xuong-dat
"Cụm xưởng 8,5hecta - QL1A - Biên Hòa - Đồng Nai",100 nghìn/m²,85.000 m²,"Biên Hòa, Đồng Nai",cho-thue-kho-nha-xuong-dat
Kho xưởng 500m2 Nam Cao - Tân Phú - Quận 9,100 nghìn/m²,500 m²,"Quận 9, Hồ Chí Minh",cho-thue-kho-nha-xuong-dat
Kho xưởng 2700 - 3000m2 khu CNC - Quận 9,"133,57 nghìn/m²",3.000 m²,"Quận 9, Hồ Chí Minh",cho-thue-kho-nha-xuong-dat
"Cho thuê kho xưởng 500m², 600m², 1000m², 2200m² Tăng Nhơn Phú - Phước Long B - Quận 9",85 nghìn/m²,1.000 m²,"Quận 9, Hồ Chí Minh",cho-thue-kho-nha-xuong-dat
Cho thuê ~ 14 hecta mặt tiền Tam Đa - Trường Thạnh - Quận 9,"1,5 triệu/tháng",140.000 m²,"Quận 9, Hồ Chí Minh",cho-thue-kho-nha-xuong-dat
Kho - xưởng 540m2 mặt tiền vòng xoay Phú Hữu - Quận 9,50 triệu/tháng,540 m²,"Quận 9, Hồ Chí Minh",cho-thue-kho-nha-xuong-dat
Cần cho thuê kho xưởng 10.000M2 KCN Bình Dương,"8,46 triệu/tháng",19 m²,"Dĩ An, Bình Dương",cho-thue-kho-nha-xuong-dat
Cho thuê 6ha mặt tiền Liên Phường - Quận 9,20 nghìn/m²,60.000 m²,"Quận 9, Hồ Chí Minh",cho-thue-kho-nha-xuong-dat
Cho thuê xưởng gần khu công nghiệp Tân Bình - Cổng Xanh - Bình Dương TDT 9.000m2 DTX: 7.000m2,"66,78 nghìn/m²",7.000 m²,"Bắc Tân Uyên, Bình Dương",cho-thue-kho-nha-xuong-dat
Kho - Xưởng 300 - 400 - 600 - 700 - 1400m2 mặt tiền Võ Chí Công - Phú Hữu - Q9,90 nghìn/m²,730 m²,"Quận 9, Hồ Chí Minh",cho-thue-kho-nha-xuong-dat
Cần cho thuê kho xưởng KCN Bình Dương,"80,14 nghìn/m²",5.700 m²,"Dĩ An, Bình Dương",cho-thue-kho-nha-xuong-dat
Cho thuê xưởng 5300m2 Thuận An - Bình Dương,"48,97 nghìn/m²",5.300 m²,"Thuận An, Bình Dương",cho-thue-kho-nha-xuong-dat
Cần cho thuê đất KCN Bà Rịa Vũng Tàu. TDT đất. 1 ha - 50ha,10 nghìn/m²,500.000 m²,"Bà Rịa, Bà Rịa Vũng Tàu",cho-thue-kho-nha-xuong-dat
Cần cho thuê kho xưởng 5ha Gò Vấp,108 nghìn/m²,50.000 m²,"Gò Vấp, Hồ Chí Minh",cho-thue-kho-nha-xuong-dat
Cho thuê xưởng Tân Uyên Bình Dương. TDT 17.000m2. DTX 12.000m2,55 nghìn/m²,12.000 m²,"Tân Uyên, Bình Dương",cho-thue-kho-nha-xuong-dat
Cần cho thuê xưởng Tân Uyên BD. TDT 11.000m2. DTX: 6.000m2,"55,65 nghìn/m²",6.000 m²,"Tân Uyên, Bình Dương",cho-thue-kho-nha-xuong-dat
Cần cho thuê xưởng Tân Uyên BD TDT 1.400m2 DTX 1.200m2,60 triệu/tháng,1.400 m²,"Tân Uyên, Bình Dương",cho-thue-kho-nha-xuong-dat
"Cần cho thuê kho xưởng kcn Nhơn Trạch, Đồng Nai. - Tdt 10.000m2 - DTX 4700m2",84 nghìn/m²,4.700 m²,"Nhơn Trạch, Đồng Nai",cho-thue-kho-nha-xuong-dat
Cần cho thuê xưởng Thuận An BD TDT 13000m2. DTX 9.500m2,630 triệu/tháng,9.500 m²,"Thuận An, Bình Dương",cho-thue-kho-nha-xuong-dat
Mặt bằng kinh doanh làm kho hoặc công ty 8x16m đường 14m ngay góc ngã 4 mặt tiền đường 53,15 triệu/tháng,128 m²,"Bình Tân, Hồ Chí Minh",cho-thue-kho-nha-xuong-dat
Cần cho thuê xưởng Vĩnh Tân Tân Uyên BD TDT 5.000m2 đường xe contenner DTX 2.900m2,200 triệu/tháng,5.000 m²,"Tân Uyên, Bình Dương",cho-thue-kho-nha-xuong-dat
Cần cho thuê kho xưởng Tân Uyên BD. TDT 7.000m2 DTX 4200m2,270 triệu/tháng,4.200 m²,"Tân Uyên, Bình Dương",cho-thue-kho-nha-xuong-dat
Cần cho thuê kho xưởng Tân Uyên BD. TDT 12.000m2,"57,88 nghìn/m²",8.000 m²,"Tân Uyên, Bình Dương",cho-thue-kho-nha-xuong-dat
"Cần cho thuê xưởng Thuận An BD. DTT 2200m2, DTX 2000m2",75 triệu/tháng,2.000 m²,"Thuận An, Bình Dương",cho-thue-kho-nha-xuong-dat
Cho thuê nhà xưởnG Tân Uyên Bình Dương. TDT 14.000m2. DTX 7.400m2,"55,65 nghìn/m²",7.400 m²,"Tân Uyên, Bình Dương",cho-thue-kho-nha-xuong-dat
Cần cho thuê xưởng KCN Tân Uyên BD. TDT 35.000m2,"77,91 nghìn/m²",27.000 m²,"Tân Uyên, Bình Dương",cho-thue-kho-nha-xuong-dat
Cần cho thuê xưởng Dĩ An Bình Dương. TDT 6000m2 DTX 5000m2,"60,1 nghìn/m²",5.000 m²,"Dĩ An, Bình Dương",cho-thue-kho-nha-xuong-dat
Cần cho thuê xưởng Bến Cát - Bình Dương. TDT: 19.200m2. DTX 10.800m2,"51,2 nghìn/m²",10.800 m²,"Bến Cát, Bình Dương",cho-thue-kho-nha-xuong-dat
Cần cho thuê kho xưởng KCN Bà Rịa Vũng Tàu,76 nghìn/m²,25.000 m²,"Bà Rịa, Bà Rịa Vũng Tàu",cho-thue-kho-nha-xuong-dat
Cho thuê xưởng trong khu công nghiệp. Khu vực - Bà Rịa Vũng Tàu. TDT 20.000m2. DTX 5000m2,84 nghìn/m²,5.000 m²,"Vũng Tàu, Bà Rịa Vũng Tàu",cho-thue-kho-nha-xuong-dat
Cho thuê xưởng trong khu công nghiệp Đồng Nai. TDT 47.000m2 DTX 29.100m2,"77,91 nghìn/m²",29.000 m²,"Trảng Bom, Đồng Nai",cho-thue-kho-nha-xuong-dat
Cho thuê xưởng trong khu công nghiệp. Tỉnh - Bà Rịa Vũng Tàu. TDĐ 45 000m2. TDX 5.500m2,76 nghìn/m²,45.000 m²,"Bà Rịa, Bà Rịa Vũng Tàu",cho-thue-kho-nha-xuong-dat
"Cần cho thuê xưởng Thuận An - BD. TDT 9.000m2, DTX 7.000m2",420 triệu/tháng,7.000 m²,"Thuận An, Bình Dương",cho-thue-kho-nha-xuong-dat
"Cho thuê xưởng KCN Mỹ Phước Bình Dương. TDT: 30.000m2, DTX 17.000 m2","77,91 nghìn/m²",17.000 m²,"Bến Cát, Bình Dương",cho-thue-kho-nha-xuong-dat
"Cho thuê xưởng trong KCN Tân Uyên BD. TDT 10.000m2, Xưởng 1: 3.878m2, Xưởng 2: 3.3150m2","77,91 nghìn/m²",10.000 m²,"Tân Uyên, Bình Dương",cho-thue-kho-nha-xuong-dat
"Cần cho thuê xưởng Vĩnh Tân Tân Uyên BD TDT 5.000m2 đường xe contenner, DTX 2.900m2",200 triệu/tháng,2.900 m²,"Tân Uyên, Bình Dương",cho-thue-kho-nha-xuong-dat
Cho thuê xưởng Tân Uyên Bình Dương. TDT 32000m2. DTX 3600m2,"66,78 nghìn/m²",3.600 m²,"Tân Uyên, Bình Dương",cho-thue-kho-nha-xuong-dat
"Cần cho thuê kho xưởng KCN Nhơn Trạch, Đồng Nai. TDT 10.000m2, DTX 4700m2",84 nghìn/m²,4.700 m²,"Nhơn Trạch, Đồng Nai",cho-thue-kho-nha-xuong-dat
"Cho thuê Kho xưởng 8000m2 trong cụm công nghiệp tại Nhơn Trạch, Đồng Nai",457 triệu/tháng,8.000 m²,"Nhơn Trạch, Đồng Nai",cho-thue-kho-nha-xuong-dat
"Cần cho thuê xưởng Dầu Tiếng Bình Dương. TDT 30.000m2, DTX 5.500m2, DTX 10.000m2","55,65 nghìn/m²",15.500 m²,"Dầu Tiếng, Bình Dương",cho-thue-kho-nha-xuong-dat
Cần cho thuê kho xưởng Tân Uyên BD. TDT 7.000m2. DTX 4200m2,290 triệu/tháng,7.000 m²,"Tân Uyên, Bình Dương",cho-thue-kho-nha-xuong-dat
"Cần cho thuê kho xưởng Bến Cát Bình Dương. TDT 10.000m2, DTX 5.400m2","55,65 nghìn/m²",5.400 m²,"Bến Cát, Bình Dương",cho-thue-kho-nha-xuong-dat
"Cần cho thuê kho xưởng Dĩ An Bình Dương (Gần TP thủ Đức), diện tích: 2000m2 + PCCC tự động","66,78 nghìn/m²",2.000 m²,"Dĩ An, Bình Dương",cho-thue-kho-nha-xuong-dat
"Cần cho thuê kho xưởng Thuận An BD, TDT 15.000m2. - DTX 10.000m2 (3 phân xưởng)",60 nghìn/m²,10.000 m²,"Thuận An, Bình Dương",cho-thue-kho-nha-xuong-dat
"Cần cho thuê kho xưởng Thuận An. TDT 20.000m2, DTX 10.000m2","89,04 nghìn/m²",10.000 m²,"Thuận An, Bình Dương",cho-thue-kho-nha-xuong-dat
"Cho thuê xưởng trong KCN Đức Hòa Long An. TDT 10.000m2, DTX 6300m2",69 nghìn/m²,6.300 m²,"Đức Hòa, Long An",cho-thue-kho-nha-xuong-dat
Cần cho thuê xưởng KCN Bến Cát Bình Dương. TDT 12.00m2 DTX 6.764m2,"66,78 nghìn/m²",6.764 m²,"Bến Cát, Bình Dương",cho-thue-kho-nha-xuong-dat
Cần cho thuê xưởng cụm công nghiệp Đồng Nai TDT 8.000m2 DTX 4800m2,280 triệu/tháng,4.800 m²,"Nhơn Trạch, Đồng Nai",cho-thue-kho-nha-xuong-dat
Cần cho thuê xưởng Long Thành Đồng Nai. TDT 13000M2 1.3 héc DTX 5400m2,"66,78 nghìn/m²",5.400 m²,"Long Thành, Đồng Nai",cho-thue-kho-nha-xuong-dat
Cần cho thuê xưởng cụm công nghiệp Đồng Nai. TDT 8.300M2 DTX 4600M2,55 nghìn/m²,4.600 m²,"Trảng Bom, Đồng Nai",cho-thue-kho-nha-xuong-dat
Cần cho thuê kho xưởng trong cụm Biên Hòa Đồng Nai TDT 8000M2 DTX 4700M2,55 nghìn/m²,4.700 m²,"Biên Hòa, Đồng Nai",cho-thue-kho-nha-xuong-dat
Cần cho thuê xưởng Trảng Bom Đồng Nai. TDT 14.000M 1.4 héc DTX 5000m2,250 triệu/tháng,14.000 m²,"Trảng Bom, Đồng Nai",cho-thue-kho-nha-xuong-dat
"Cần cho thuê kho xưởng Thuận An, BD. TDT 17.000m2. DTX 10.000m2.3 phân xưởng",60 nghìn/m²,10.000 m²,"Thuận An, Bình Dương",cho-thue-kho-nha-xuong-dat
"Cần cho thuê kho xưởng KCN Bình Dương, TDT 30.000m2.3 hec DTX 14.000m2",84 nghìn/m²,14.000 m²,"Dĩ An, Bình Dương",cho-thue-kho-nha-xuong-dat
"Cần cho thuê kho xưởng Dĩ An Bình Dương. TDT 40.000m2. 4 hec, DTX 15.000m / 2 tầng",84 nghìn/m²,30.000 m²,"Dĩ An, Bình Dương",cho-thue-kho-nha-xuong-dat
Cho thuê xưởng khu vực Bàu Bàng Bình Dương - TDT 80.000m2- STX 30.000m2,48 nghìn/m²,30.000 m²,"Bàu Bàng, Bình Dương",cho-thue-kho-nha-xuong-dat
"Cần cho thuê kho xưởng Dĩ An, Bình Dương, TDT 40.000m2.4 hec DTX 15.000m2 / 2 tầng",84 nghìn/m²,30.000 m²,"Dĩ An, Bình Dương",cho-thue-kho-nha-xuong-dat
Cần cho thuê xưởng KCN Bình Dương- TDT 32.000m2 - DTX 21.000m2,84 nghìn/m²,21.000 m²,"Dĩ An, Bình Dương",cho-thue-kho-nha-xuong-dat
"Cho thuê 23000m2 đất mặt tiền Trần Não, Quận 2",360 triệu/tháng,2.300 m²,"Quận 2, Hồ Chí Minh",cho-thue-kho-nha-xuong-dat
"Cần cho thuê kho xưởng KCN Tây Ninh. TDT 2hec., 20000m2, DTX 8000m2",84 nghìn/m²,20.000 m²,"Gò Dầu, Tây Ninh",cho-thue-kho-nha-xuong-dat
Cho thuê xưởng trong khu công nghiệp Đồng Nai. Tdt 47.000m2 DTX 29.100m2,84 nghìn/m²,29.000 m²,"Trảng Bom, Đồng Nai",cho-thue-kho-nha-xuong-dat
Cho thuê xưởng trong khu công nghiệp Đồng Nai. Tdt 47.000m2 DTX 29.100m2,84 nghìn/m²,29.000 m²,"Trảng Bom, Đồng Nai",cho-thue-kho-nha-xuong-dat
"Kho Đỗ Xuân Hợp 1600m2 (PCCC thẩm duyệt). Sân thể thao, chứa hàng, gia công)",105 nghìn/m²,1.600 m²,"Quận 9, Hồ Chí Minh",cho-thue-kho-nha-xuong-dat
Cho thuê xưởng trong KCN Visip Bình Dương - Đất: 20.000m2 - Xưởng: 10.000m2,96 nghìn/m²,10.000 m²,"Thuận An, Bình Dương",cho-thue-kho-nha-xuong-dat
Cần cho thuê kho xưởng kcn Bà Ria Vũng Tàu. Tdt 10.000m2 dtx 5000m2 vp 560m2,84 nghìn/m²,5.000 m²,"Bà Rịa, Bà Rịa Vũng Tàu",cho-thue-kho-nha-xuong-dat
"Cho thuê kho xưởng mới xây dựng 3.753 m2 trong KCN tại xã Đức Hòa Đông, huyện Đức Hòa, tỉnh Long An",300 triệu/tháng,3.753 m²,"Đức Hòa, Long An",cho-thue-kho-nha-xuong-dat
Cho thuê 3200m2 đất 2 mặt tiền Huỳnh Thúc Kháng và mặt biển chỉ 60tr/tháng,60 triệu/tháng,3.200 m²,"Phan Thiết, Bình Thuận",cho-thue-kho-nha-xuong-dat
"Cho thuê 800m2 kho MT đường Hoàng Hữu Nam, phường Long Bình, Quận 9 ( đường xe cont 24/24)",50 triệu/tháng,800 m²,"Quận 9, Hồ Chí Minh",cho-thue-kho-nha-xuong-dat
"Cho thuê kho ngay cảng Phú Hữu, Quận 9, (xe cont 24/24). DT: 800m2 (22x38m)",50 triệu/tháng,800 m²,"Quận 9, Hồ Chí Minh",cho-thue-kho-nha-xuong-dat
"Cho thuê kho 1400m2, MT Nguyễn Duy Trinh, Trường Thạnh - Quận 9. (đường xe cont)",65 nghìn/m²,1.400 m²,"Quận 9, Hồ Chí Minh",cho-thue-kho-nha-xuong-dat
Cho thuê kho 1200m2 Phú Hữu Quận 9,50 triệu/tháng,1.200 m²,"Quận 9, Hồ Chí Minh",cho-thue-kho-nha-xuong-dat
Cho thuê kho 450m2 MT đường số gần Hoàng Hữu Nam - Quận 9,29 triệu/tháng,450 m²,"Quận 9, Hồ Chí Minh",cho-thue-kho-nha-xuong-dat
"Cho thuê kho 450m2 ngay vòng xoay Phú Hữu đường Nguyễn Duy Trinh, Q9, TP. Thủ Đức",30 triệu/tháng,450 m²,"Quận 9, Hồ Chí Minh",cho-thue-kho-nha-xuong-dat
"Cho thuê nhà xưởng tại Phước Long B, Q9. Diện tích 675m2",54 triệu/tháng,675 m²,"Quận 9, Hồ Chí Minh",cho-thue-kho-nha-xuong-dat
"Cho thuê kho 400 - 1000m2 - P. Linh Xuân, Thủ Đức",62 nghìn/m²,1.000 m²,"Thủ Đức, Hồ Chí Minh",cho-thue-kho-nha-xuong-dat
Cho thuê kho xưởng Liên Phường - Phước Long B - Quận 9. Diện tích: 700m2 (20x35m),50 triệu/tháng,700 m²,"Quận 9, Hồ Chí Minh",cho-thue-kho-nha-xuong-dat
"Mặt bằng Kho Xưởng 1400m2, phù hợp mở siêu thị, nhà hàng, cafe.. Ngay cổng Gigamall",110 triệu/tháng,1.400 m²,"Thủ Đức, Hồ Chí Minh",cho-thue-kho-nha-xuong-dat
Xưởng 2500m2 Quận 9 - PCCC Nghiệm Thu,180 triệu/tháng,2.500 m²,"Quận 9, Hồ Chí Minh",cho-thue-kho-nha-xuong-dat
Cho thuê kho 700 - 1300m2 mặt tiền Võ Chí Công - Phú Hữu - Quận 9,70 triệu/tháng,700 m²,"Quận 9, Hồ Chí Minh",cho-thue-kho-nha-xuong-dat
Cho thuê xưởng Giáp KCN Sóng Thần 1. Giáp Bình Chiểu - TP Thủ Đức. 10.363m2,80 nghìn/m²,10.363 m²,"Thủ Đức, Hồ Chí Minh",cho-thue-kho-nha-xuong-dat
"Cho thuê kho MT Nguyễn Duy Trinh, phường Phú Hữu, Quận 9 Thủ Đức - DT: 1000m2 (bao gồm vp)",100 triệu/tháng,1.000 m²,"Quận 9, Hồ Chí Minh",cho-thue-kho-nha-xuong-dat
